date,1. open,2. high,3. low,4. close,5. volume
2017-10-20,1007.05,1008.65,1002.27,1005.07,1568454.0
2021-11-09,2984.66,2996.69,2944.895,2978.37,972092.0
2007-09-28,567.0,569.55,564.12,567.27,5273700.0
2006-07-31,388.0,389.17,383.31,386.6,9181400.0
2019-01-04,1042.56,1080.0,1036.86,1078.07,2301428.0
2010-07-29,485.95,488.88,479.33,484.99,5345600.0
2021-10-18,2821.53,2855.92,2821.389,2855.56,1019808.0
2020-03-19,1088.22,1152.61,1055.55,1111.67,3703248.0
2020-09-15,1527.89,1550.99,1522.1,1535.12,1152055.0
2020-10-19,1575.93,1583.925,1522.92,1529.95,1486652.0
2004-12-13,172.03,173.18,169.45,170.45,9627500.0
2023-02-24,89.44,89.89,88.575,89.13,36585093.0
2008-01-02,692.87,697.37,677.7301,685.19,8605100.0
2011-03-18,564.64,567.99,559.74,561.06,6590600.0
2018-06-13,1152.28,1155.64,1143.38,1144.23,1715074.0
2008-10-22,356.99,369.69,344.0,355.67,13106800.0
2020-02-06,1451.98,1481.56,1450.48,1475.97,1891079.0
2014-06-30,586.76,587.71,583.29,584.67,1478900.0
2025-04-07,141.55,152.85,140.53,146.75,76794136.0
2009-08-11,453.67,457.23,452.378,453.936,3421500.0
2008-09-12,430.21,441.99,429.0,437.66,12043900.0
2016-06-28,691.37,692.7399,684.85,691.26,1912280.0
2023-03-29,102.28,102.49,100.65,101.39,28779572.0
2015-08-04,664.34,668.0,660.51,661.28,1309410.0
2008-01-29,560.47,561.33,540.67,550.52,12553400.0
2017-11-30,1039.94,1044.14,1030.07,1036.17,2231818.0
2011-01-27,617.89,619.7,613.2519,616.79,4034300.0
2022-08-22,115.2,115.63,113.85,114.24,21456648.0
2024-09-06,157.3,157.83,150.55,150.92,37912130.0
2024-01-10,141.0,143.0,140.91,142.28,21320203.0
2011-04-07,575.73,580.64,574.19,580.0,5057900.0
2011-09-14,532.59,536.95,525.82,532.07,5383400.0
2009-07-13,416.174,424.52,415.18,424.3,8083300.0
2009-06-09,438.58,440.5,431.76,435.62,6503200.0
2011-07-21,594.03,608.06,594.01,606.99,6932000.0
2010-04-29,533.37,536.5,526.67,532.0,6111600.0
2013-08-09,890.56,895.52,890.0,890.41,2644700.0
2023-11-10,130.105,132.8,129.41,132.59,26927826.0
2021-10-13,2748.05,2760.0,2730.3763,2751.64,983116.0
2016-07-05,705.01,708.12,699.13,704.89,1422028.0
2011-03-01,617.78,619.22,599.3035,600.76,6639700.0
2006-01-31,430.66,439.6,423.973,432.6601,44087800.0
2007-09-12,520.53,527.98,519.0,522.65,5966000.0
2021-01-12,1745.36,1767.9,1716.375,1737.43,1460563.0
2022-03-02,2692.56,2705.25,2661.4308,2691.43,1175990.0
2023-05-04,105.485,105.6,103.97,104.69,23419506.0
2019-06-05,1055.0,1056.81,1033.0,1044.64,2349436.0
2020-07-01,1419.17,1448.48,1414.18,1442.0,2109566.0
2023-05-24,121.12,121.91,119.86,120.9,34182635.0
2009-04-14,376.94,376.99,365.6,368.91,6850300.0
2013-06-27,878.8,884.69,876.65,877.07,3849100.0
2005-05-23,243.16,258.1,242.71,255.45,42733800.0
2025-01-15,193.09,196.36,191.86,195.55,21775969.0
2022-07-11,2359.96,2359.96,2306.61,2313.53,1562185.0
2019-08-28,1164.87,1178.5,1160.25,1173.75,833830.0
2022-11-08,88.9,90.32,87.5901,88.9,30429025.0
2017-12-13,1052.08,1055.48,1046.58,1051.39,1369580.0
2012-02-07,607.15,609.39,603.7622,606.77,4180000.0
2016-06-22,714.05,714.21,705.88,710.47,1452884.0
2007-05-25,479.7,484.95,477.27,483.52,10686300.0
2019-02-20,1128.88,1130.93,1111.75,1120.59,1204533.0
2023-09-12,136.26,136.8701,135.19,135.34,18405505.0
2005-03-10,181.01,181.2,177.4,179.98,21899000.0
2013-07-03,880.02,889.17,878.5,886.43,2091900.0
2021-03-29,2022.16,2049.21,2005.45,2045.79,1324631.0
2009-01-14,310.0,313.8,297.75,300.97,10924800.0
2012-06-13,561.72,567.0,558.68,561.09,3904400.0
2009-04-23,387.51,389.75,381.11,384.69,5212700.0
2004-12-22,183.9,186.85,183.01,186.3,7806100.0
2021-09-22,2786.08,2817.74,2771.03,2805.67,1252778.0
2022-03-21,2723.27,2741.0,2681.845,2722.03,1327701.0
2018-01-24,1184.98,1187.05,1167.4,1171.29,1818182.0
2007-03-08,459.22,465.5,454.1,454.72,10714800.0
2016-06-09,737.07,743.93,736.5,742.52,958963.0
2011-11-23,575.35,580.25,570.11,570.11,4646900.0
2012-03-15,616.6,623.5,614.83,621.13,4865300.0
2024-05-23,177.07,178.25,172.95,173.55,21024935.0
2008-08-21,482.92,489.8999,479.27,486.53,7021100.0
2016-09-19,801.11,803.99,793.56,795.39,1149522.0
2022-11-10,92.25,94.39,91.61,93.94,51620136.0
2024-06-12,178.25,180.41,176.11,177.79,27864737.0
2016-02-26,733.6,736.16,721.9392,724.86,2123690.0
2016-07-26,757.52,759.26,752.7503,757.65,1189573.0
2016-06-29,694.26,699.5,692.6834,695.19,2156218.0
2015-12-07,780.06,781.0,766.72,772.99,1831287.0
2024-10-01,167.685,169.16,164.58,166.99,28338123.0
2005-12-02,416.94,419.53,413.86,417.7,15071900.0
2018-12-03,1132.16,1135.0,1111.73,1116.36,2876449.0
2011-09-13,532.0,533.88,523.4,529.52,4703600.0
2018-09-18,1162.66,1181.33,1161.43,1167.11,1615701.0
2005-12-27,431.86,431.86,422.76,424.64,13392100.0
2023-01-06,86.79,87.69,84.86,87.34,41381495.0
2009-10-14,532.46,535.58,530.0,535.32,6510200.0
2021-07-26,2666.565,2684.74,2646.03,2680.7,1528574.0
2014-03-06,1222.28,1226.14,1218.6,1219.61,2533600.0
2019-07-03,1118.5,1127.99,1114.85,1122.99,1007718.0
2009-08-12,455.41,461.75,454.92,458.58,4678100.0
2013-04-03,813.46,814.2,800.668,806.202,3473500.0
2018-11-13,1054.81,1066.67,1040.4,1047.97,1287475.0
2017-08-29,919.95,938.19,919.31,935.75,1144834.0
2018-07-27,1289.12,1291.44,1244.49,1252.89,2418090.0
2014-04-22,536.0,547.995,536.0,545.5,2331100.0
2019-09-05,1193.66,1214.0,1192.69,1212.19,1320656.0
2024-10-28,168.75,168.75,163.95,166.72,32138641.0
2010-11-02,618.67,620.0,614.58,615.6,3991200.0
2007-09-10,521.28,522.07,510.88,514.48,6445100.0
2015-05-26,552.58,553.3305,542.97,547.19,1873709.0
2013-08-12,886.9,887.0,881.65,885.51,2751200.0
2020-11-25,1767.81,1770.38,1748.36,1764.13,979957.0
2013-10-07,867.45,873.99,864.11,865.74,2584600.0
2024-03-28,150.85,151.43,150.17,150.93,24485390.0
2011-01-06,610.68,618.43,610.05,613.5,4111400.0
2018-11-06,1055.02,1079.82,1053.61,1069.57,1433013.0
2020-04-17,1281.7,1290.0,1266.0,1279.0,2552824.0
2025-03-28,160.49,161.82,153.63,154.33,48669335.0
2025-02-05,191.07,192.75,188.03,191.33,70461770.0
2015-10-02,638.01,658.2555,633.5,656.99,2439435.0
2013-01-11,742.0,742.4264,736.3,739.99,2567800.0
2023-05-10,107.97,112.94,107.93,111.75,63153367.0
2018-04-12,1031.47,1044.65,1026.05,1037.29,1644794.0
2005-10-12,305.2,307.19,299.0,300.97,18593700.0
2005-02-02,215.55,216.8,203.66,205.96,65533000.0
2019-01-23,1086.86,1092.95,1067.57,1084.41,1259738.0
2020-10-12,1538.0,1588.42,1529.3,1564.59,2767164.0
2016-12-14,815.92,824.26,812.78,817.89,1799654.0
2021-08-24,2812.23,2841.6,2806.77,2825.23,963361.0
2019-01-28,1090.07,1093.37,1074.61,1079.86,1466714.0
2023-08-28,131.31,132.54,130.14,131.01,20543266.0
2004-10-06,137.67,138.45,136.0,137.08,13381400.0
2022-04-25,2382.02,2465.55,2370.22,2461.48,2306413.0
2023-06-22,120.0,123.24,118.83,123.15,26952246.0
2018-01-26,1187.53,1187.56,1168.03,1187.56,1981476.0
2022-09-30,97.05,98.9,95.56,95.65,32941493.0
2023-03-09,94.05,95.53,91.9,92.32,28813532.0
2023-01-03,89.585,91.05,88.52,89.12,28131224.0
2007-08-03,510.05,513.2,503.0,503.0,6346000.0
2010-10-14,544.18,545.25,537.11,540.93,13254900.0
2020-07-09,1509.93,1529.14,1495.59,1518.66,2092013.0
2015-05-14,543.97,549.69,542.5,549.2,1586833.0
2023-05-16,116.49,120.75,116.43,119.51,45035558.0
2013-11-15,1034.87,1038.0,1030.31,1033.56,2550000.0
2009-07-27,446.04,446.75,437.61,444.8,5003700.0
2009-05-18,394.73,397.31,385.4,396.84,6696600.0
2025-03-24,167.065,168.32,165.14,167.68,30879129.0
2022-04-21,2585.0,2601.97,2490.53,2496.29,1822258.0
2016-10-10,803.93,817.38,802.24,814.17,1496115.0
2020-06-25,1431.22,1442.32,1419.54,1441.1,1197907.0
2011-10-21,589.51,592.75,586.7,590.49,6775200.0
2013-01-28,751.76,755.6,747.89,750.73,3250900.0
2021-09-28,2773.1,2781.93,2707.2,2716.6,2288610.0
2011-03-25,586.88,586.91,579.24,579.74,5711000.0
2018-10-04,1205.03,1205.9,1163.85,1177.07,2328778.0
2017-05-18,943.2,954.18,941.27,950.5,1758452.0
2020-05-05,1337.5,1371.01,1335.03,1349.02,1983318.0
2006-12-01,485.98,488.39,478.5,480.8,11251500.0
2008-03-24,438.43,465.78,437.72,460.56,13513400.0
2021-11-05,2983.39,3006.55,2963.94,2977.04,1917737.0
2007-03-30,462.1,463.4,456.14,458.16,6753600.0
2016-04-15,775.5,780.93,774.9301,780.0,1585584.0
2012-10-04,762.75,769.89,759.4,768.05,4903400.0
2014-08-14,586.69,587.8,580.92,584.65,1272900.0
2010-07-08,453.55,457.33,449.66,456.56,5332400.0
2006-02-15,341.4,346.0,337.83,342.38,25868100.0
2018-05-29,1076.0,1081.34,1063.08,1068.07,1803805.0
2023-12-13,133.38,133.5,131.57,132.57,30104775.0
2023-01-20,95.1,98.3,95.02,98.02,63191078.0
2017-11-27,1058.57,1073.04,1054.77,1072.01,1708195.0
2016-10-26,827.12,827.71,816.35,822.1,1794868.0
2014-06-13,560.08,560.65,553.72,560.35,1353300.0
2008-07-08,545.34,555.19,540.0,554.53,9854900.0
2014-03-18,1194.67,1211.53,1193.06,1211.26,3626300.0
2011-04-11,576.2,578.1,573.0,577.37,3712600.0
2010-02-08,532.5,542.0,531.5301,533.47,5383200.0
2016-01-25,743.84,752.46,732.501,733.62,2267031.0
2006-03-09,355.47,358.53,341.5,343.0,27792900.0
2007-03-19,443.25,448.5,440.63,447.23,10385000.0
2011-05-04,535.17,539.0,533.02,535.79,4229700.0
2010-12-01,563.0,571.57,562.4,564.35,7500600.0
2008-01-24,558.8,579.69,554.14,574.49,18782900.0
2007-02-13,459.155,462.78,457.26,459.1,8117000.0
2019-09-09,1207.08,1220.55,1193.17,1205.27,1592958.0
2021-03-10,2061.4,2061.4,2019.33,2036.19,1355004.0
2022-05-18,2300.0,2308.0,2231.11,2237.99,1756299.0
2017-01-26,859.05,861.0,850.5201,856.98,3493251.0
2012-05-10,612.96,616.19,610.23,613.66,3068700.0
2016-06-23,710.55,714.88,700.25,714.87,2125028.0
2019-03-25,1199.56,1209.44,1190.0,1197.38,1378849.0
2023-07-03,119.24,120.19,118.8182,119.9,14467850.0
2010-04-12,567.35,574.0,566.22,572.73,4700000.0
2021-03-18,2048.18,2068.746,2019.18,2021.34,1585648.0
2024-03-13,139.0,141.09,138.99,139.79,23164162.0
2020-03-02,1351.39,1387.47,1325.2,1386.32,2771463.0
2012-04-10,633.52,634.5,624.55,626.86,4959000.0
2006-07-11,418.505,425.05,413.03,424.56,11930600.0
2006-11-22,510.97,513.0,505.78,508.01,8992300.0
2006-01-26,439.54,439.99,423.56,434.265,25826300.0
2007-01-22,492.5,492.65,478.5,480.84,10797700.0
2013-08-26,870.0,874.9,866.05,866.39,2102800.0
2021-04-19,2270.18,2304.09,2270.18,2289.76,1514470.0
2011-12-13,628.76,636.5599,622.85,625.63,8048300.0
2009-07-02,415.41,415.41,406.81,408.49,5030100.0
2025-01-07,197.11,201.0,194.6,195.49,26487244.0
2020-01-13,1435.25,1441.48,1425.37,1440.03,1525568.0
2013-05-14,877.5,888.69,877.14,887.1,3155400.0
2018-05-31,1082.0,1110.0,1078.0,1100.0,3968362.0
2014-01-14,1137.95,1151.0,1128.09,1149.4,4960200.0
2014-01-02,1115.46,1117.75,1108.26,1113.12,3639100.0
2022-06-06,2334.09,2386.94,2323.28,2336.41,1677077.0
2004-10-15,144.95,145.5,141.95,144.11,13194700.0
2024-05-24,174.98,175.77,173.65,174.99,16579438.0
2005-12-08,405.3,410.65,402.64,410.65,17802100.0
2024-12-04,171.145,174.91,171.06,174.37,31615137.0
2011-05-11,540.14,543.5471,533.69,535.45,4672900.0
2013-12-30,1120.34,1120.5,1109.02,1109.46,2469700.0
2023-02-22,91.7,92.11,90.61,91.65,30884017.0
2023-06-28,117.09,120.39,116.85,120.18,27091449.0
2005-07-22,306.37,309.25,296.33,302.4,46726800.0
2020-12-29,1787.23,1788.47,1755.11,1757.76,986287.0
2019-09-26,1242.14,1244.67,1231.82,1242.29,1171577.0
2024-03-05,131.88,133.24,130.665,132.67,40194757.0
2006-11-16,495.0,497.68,492.56,495.9,10175000.0
2014-12-15,523.76,525.37,515.397,515.84,2621977.0
2023-06-02,123.99,126.15,123.76,124.67,26980147.0
2025-04-29,160.325,160.74,157.52,160.16,26808958.0
2021-02-26,2029.95,2056.52,2001.01,2021.91,1978740.0
2008-01-09,630.04,653.34,622.51,653.2,13465900.0
2008-04-22,537.8,560.8299,537.56,555.0,15861100.0
2021-03-31,2054.4,2086.26,2047.0,2062.52,2128482.0
2013-10-31,1028.93,1041.52,1023.97,1030.58,3276700.0
2018-01-22,1143.82,1166.88,1141.82,1164.16,1437954.0
2022-09-29,98.64,98.64,95.96,97.42,31047224.0
2008-02-27,460.13,475.49,459.64,472.86,20223500.0
2022-03-04,2658.55,2677.03,2606.75,2638.13,1522532.0
2006-03-22,339.91,344.1,337.5,340.22,15176800.0
2022-06-09,2326.55,2365.9799,2295.52,2296.71,1289898.0
2005-11-18,403.62,404.5,399.85,400.21,14037100.0
2024-09-23,164.35,165.49,161.67,161.85,24150852.0
2018-07-31,1231.71,1241.21,1216.19,1227.22,1969111.0
2017-12-07,1036.07,1048.92,1035.36,1044.57,1437448.0
2004-08-25,104.76,108.0,103.88,106.0,9188600.0
2005-06-22,289.67,292.32,288.67,289.3,20927000.0
2022-09-28,97.65,100.7,97.11,100.05,32466323.0
2024-12-03,171.49,172.68,170.85,171.34,22248705.0
2009-05-01,395.03,397.59,391.55,393.69,4850500.0
2024-08-21,165.15,166.85,164.67,165.85,22901997.0
2005-06-09,284.72,288.5,280.56,286.31,32849300.0
2006-04-26,428.7,430.04,423.53,425.97,14541000.0
2012-05-02,601.2,608.11,600.61,607.26,3219700.0
2020-04-23,1265.74,1288.15,1260.53,1271.17,1710122.0
2024-09-09,152.51,153.4,147.215,148.71,39260451.0
2025-01-14,191.24,191.98,188.3082,189.66,17174854.0
2010-02-25,527.12,528.4899,520.0,526.43,6611700.0
2008-08-05,467.89,480.08,466.33,479.85,7161800.0
2007-06-14,505.38,505.88,501.7,502.84,9233100.0
2015-11-24,772.96,775.99,758.11,769.63,2394010.0
2012-04-02,640.77,647.5,634.84,646.92,4563800.0
2006-08-30,379.21,384.65,378.51,380.75,8080700.0
2018-09-24,1159.41,1185.19,1151.5,1179.56,1557479.0
2020-05-28,1400.0,1444.46,1399.08,1418.24,1759787.0
2009-09-17,490.57,497.37,487.15,491.72,8957200.0
2008-05-27,544.26,562.6,543.85,560.9,7723200.0
2016-02-05,725.5,726.72,700.14,703.76,5477821.0
2019-09-16,1230.44,1239.02,1225.19,1231.63,1410880.0
2017-06-20,975.31,980.79,968.2,968.99,1273013.0
2012-10-25,680.0,682.0,673.51,677.76,4797300.0
2004-12-07,176.0,176.2,170.55,171.43,13728000.0
2018-12-18,1034.0,1059.69,1030.48,1043.41,2182019.0
2014-06-04,551.52,558.58,548.56,553.76,1729100.0
2008-06-02,582.5,583.89,571.2701,575.0,7341000.0
2008-02-19,534.94,535.06,506.5,508.95,12688000.0
2010-02-05,528.4,533.4985,522.46,531.29,6305600.0
2016-12-15,817.36,823.0,812.0,815.65,1769719.0
2010-03-04,546.5,556.13,546.2,554.59,6361200.0
2021-12-21,2841.07,2877.38,2810.05,2869.45,1437768.0
2012-05-29,595.81,599.13,588.32,594.34,5206100.0
2010-02-26,527.42,531.75,523.48,526.8,4094500.0
2013-03-21,811.29,816.9173,809.85,811.26,2952200.0
2018-06-07,1144.58,1145.87,1126.12,1134.42,1805388.0
2010-01-21,583.44,586.8185,572.251,582.98,12602700.0
2009-07-21,430.94,431.9,425.72,427.9,5930400.0
2023-06-01,122.815,124.42,122.62,123.72,30772683.0
2020-01-02,1348.41,1368.68,1346.49,1368.68,1364265.0
2016-04-21,777.31,781.6799,771.55,780.0,3881420.0
2022-02-14,2665.13,2726.0,2665.13,2710.52,1715054.0
2018-02-12,1056.67,1065.57,1045.49,1054.56,2796258.0
2010-01-05,627.18,627.84,621.54,623.99,6003300.0
2022-02-18,2669.34,2681.3999,2603.93,2608.06,2280972.0
2011-11-16,612.08,618.3,610.61,611.47,5211700.0
2024-05-03,167.56,167.96,163.05,167.24,34662432.0
2007-04-16,468.4566,476.99,468.15,474.27,10145600.0
2013-09-12,897.4,897.9,890.01,893.064,2188800.0
2015-05-28,553.79,555.76,550.8,554.18,1177318.0
2018-10-18,1130.0,1132.35,1086.34,1097.91,2307596.0
2019-04-15,1224.09,1229.3,1214.56,1226.53,1189974.0
2014-07-24,605.53,608.91,601.0,603.01,1355000.0
2023-12-20,138.97,141.695,138.065,138.34,49107179.0
2009-08-26,472.76,473.0,466.7,468.0,3971600.0
2009-05-11,402.8,412.0,401.2,407.98,5113400.0
2006-08-10,373.88,377.67,372.46,374.2,8515200.0
2022-06-24,2259.9,2361.58,2259.05,2359.5,2058184.0
2018-03-28,1001.91,1024.99,984.0,1005.18,3884943.0
2024-07-24,173.6,176.19,171.82,172.63,49585203.0
2021-04-06,2210.92,2228.0,2201.79,2209.26,1762039.0
2007-10-18,635.41,641.37,628.5,639.62,24553800.0
2017-09-13,945.5,952.85,944.74,950.44,1092849.0
2017-11-13,1040.8,1048.74,1039.26,1041.2,914852.0
2015-04-23,550.41,561.17,550.08,557.46,3909155.0
2009-02-24,331.02,349.62,330.89,345.45,12179600.0
2008-03-17,427.99,433.71,412.11,419.87,15760600.0
2019-03-19,1191.72,1203.41,1189.46,1202.46,1489407.0
2014-09-05,595.13,598.5,593.55,597.78,1799100.0
2018-01-18,1139.35,1140.59,1124.46,1135.97,1333633.0
2010-12-10,593.14,593.99,590.29,592.21,3405900.0
2008-08-15,506.99,510.66,505.5,510.15,7084300.0
2017-04-25,882.26,892.25,879.2801,888.84,2020460.0
2016-05-23,719.98,723.4999,716.94,717.25,1240826.0
2006-07-20,404.28,404.44,385.66,387.12,25052300.0
2018-06-19,1170.11,1182.81,1161.61,1178.69,2364127.0
2007-11-21,643.77,669.97,642.0801,660.52,14012900.0
2016-07-11,719.42,728.9289,718.865,727.2,1441113.0
2020-11-30,1775.65,1780.335,1747.84,1754.4,1620887.0
2016-05-25,735.0,739.89,732.6,738.1,1616624.0
2015-05-11,548.49,553.3699,545.6,545.78,1092923.0
2009-03-20,330.3,332.99,326.34,330.16,9466300.0
2024-06-11,176.22,176.84,173.7701,176.62,21540582.0
2019-11-25,1296.26,1310.41,1295.61,1305.64,1179658.0
2007-01-23,480.79,484.75,477.29,479.05,9321600.0
2017-01-11,826.62,829.9,821.47,829.86,1325394.0
2014-02-04,1137.99,1155.0,1137.01,1138.16,5618100.0
2016-07-21,757.0,758.15,751.52,754.41,953053.0
2008-09-22,454.13,454.13,429.0,430.14,8805700.0
2022-10-17,98.86,100.93,98.83,99.97,28419192.0
2019-03-07,1160.5,1163.58,1141.71,1150.85,1504328.0
2024-05-13,164.26,169.28,164.0,169.14,31327602.0
2010-11-05,623.18,625.49,621.11,625.08,3527800.0
2021-08-05,2713.61,2727.0,2696.92,2725.03,893450.0
2021-09-16,2879.01,2886.0,2848.03,2872.2,1309771.0
2012-07-24,615.0,617.93,604.34,607.57,4014700.0
2010-10-19,608.85,614.82,602.86,607.83,9166600.0
2023-02-13,94.74,95.2,93.84,94.61,50076120.0
2017-01-09,826.37,830.43,821.62,827.18,1408924.0
2016-10-14,807.45,810.09,802.32,804.6,1111934.0
2021-01-14,1748.87,1767.5499,1726.07,1730.92,1460617.0
2012-03-30,651.75,653.49,641.0,641.24,4616700.0
2014-02-03,1179.2,1181.72,1132.0,1133.43,9129000.0
2022-01-12,2823.0,2852.155,2813.89,2828.61,1305602.0
2008-06-16,566.5,579.1,566.5,572.81,7078500.0
2011-02-24,611.39,613.09,601.35,608.82,5417900.0
2011-04-12,575.0,576.915,568.05,570.61,4167000.0
2009-05-14,388.8,392.21,384.69,387.5,5868100.0
2021-02-24,2030.04,2088.32,2027.53,2083.81,1130437.0
2007-05-08,466.13,468.17,464.73,466.81,5804300.0
2013-05-13,878.89,882.4699,873.381,877.53,2894100.0
2022-01-14,2741.58,2814.84,2739.97,2789.61,1483064.0
2019-10-24,1259.11,1262.9,1252.35,1259.11,1140478.0
2024-12-31,191.075,191.96,188.51,189.3,17466919.0
2021-02-01,1844.585,1915.54,1844.585,1893.07,2012603.0
2018-07-10,1169.99,1173.5,1162.56,1167.14,1066704.0
2009-10-22,550.0,555.0,548.0,554.09,4668300.0
2008-07-29,479.3,487.26,478.0,483.11,5599900.0
2013-10-17,892.99,896.9,885.73,888.794,8504600.0
2011-10-31,595.09,599.69,591.67,592.64,5110400.0
2005-06-15,275.0,277.3,267.43,274.8,41724400.0
2005-12-20,427.86,432.2,424.67,429.74,20149200.0
2022-02-15,2751.41,2762.17,2716.43,2732.17,1335563.0
2007-01-30,494.0,498.0,491.22,494.32,8352600.0
2024-10-10,160.87,163.07,160.395,162.08,14144068.0
2004-10-20,147.94,148.99,139.6,140.49,22722600.0
2024-02-06,144.65,145.36,143.19,144.1,29128201.0
2006-09-05,379.87,385.4,377.44,384.36,8140400.0
2006-06-12,386.85,390.49,381.0,381.54,10028100.0
2008-04-30,562.27,584.86,558.47,574.29,15790100.0
2019-05-16,1171.84,1194.16,1168.45,1184.5,1765388.0
2007-09-14,523.2,530.27,522.22,528.75,5524200.0
2023-09-20,138.08,138.08,133.62,133.74,29927475.0
2016-02-24,710.61,721.22,702.02,720.9,1854612.0
2008-04-21,539.0,542.59,530.29,537.79,14864500.0
2016-02-04,744.59,745.24,722.6001,730.03,5246123.0
2006-12-11,484.92,488.9,483.8,483.93,6520200.0
2009-09-08,464.29,466.99,455.84,458.62,5308000.0
2006-12-29,462.1,464.47,459.86,460.48,5113200.0
2013-09-05,873.5,879.88,871.61,879.56,2580000.0
2012-06-11,584.21,585.3175,566.69,568.5,5316800.0
2005-11-15,394.38,397.0,390.95,392.8,17232500.0
2012-10-15,741.94,743.83,730.701,740.98,6032100.0
2015-09-22,657.47,658.82,645.03,653.2,2718081.0
2009-04-15,367.1,381.06,364.16,379.5,9851500.0
2006-02-21,366.32,373.54,365.11,366.59,17354600.0
2017-09-29,966.0,975.81,966.0,973.72,1906445.0
2006-04-27,422.77,426.91,419.39,420.03,16659100.0
2007-09-25,564.0,569.56,562.86,569.0,5455700.0
2010-12-15,594.2,596.45,589.1501,590.3,4331000.0
2022-04-05,2857.38,2859.81,2807.65,2811.82,1045707.0
2024-12-12,195.0,195.18,191.71,191.96,34817486.0
2008-07-23,482.0,497.23,478.1,489.22,9778400.0
2007-12-06,697.8,716.56,697.01,715.26,9808100.0
2017-10-31,1033.0,1041.0,1026.3,1033.04,1490660.0
2007-02-20,468.47,472.75,464.71,472.1,8127000.0
2009-12-28,621.66,625.99,618.48,622.87,3392400.0
2021-07-08,2480.52,2511.91,2480.44,2500.88,1189467.0
2009-09-14,470.51,476.8,470.05,475.12,3947400.0
2015-01-30,519.0,543.1,518.18,537.55,6055445.0
2022-02-25,2671.04,2705.43,2635.03,2689.19,1820299.0
2009-01-09,327.5,327.5,313.4,315.07,8672300.0
2007-06-05,509.75,519.0,506.61,518.84,20873300.0
2015-09-28,639.05,642.85,617.84,624.25,2361393.0
2016-12-23,808.01,810.9696,805.11,807.8,765537.0
2024-11-29,168.5,169.43,167.16,168.95,14257244.0
2005-05-27,260.48,266.05,259.25,266.0,24343800.0
2017-03-13,860.83,867.13,860.82,864.58,1166605.0
2013-04-29,803.25,822.7,803.0,819.06,4596900.0
2006-03-21,349.97,351.66,339.08,339.92,19642500.0
2007-11-26,680.2,693.4,665.0,666.0,13566600.0
2023-09-01,137.455,137.455,134.85,135.66,21543687.0
2011-01-18,626.06,641.99,625.27,639.63,7226700.0
2013-01-15,719.33,735.0,712.1,724.93,7847500.0
2014-07-09,578.95,584.1,577.0,583.36,1372800.0
2014-11-17,555.19,555.19,544.44,546.64,1680621.0
2008-01-11,642.7,649.47,630.11,638.25,9944000.0
2006-05-04,395.03,398.87,392.21,394.75,9294600.0
2012-03-01,622.26,625.7,618.15,622.4,4470900.0
2007-09-11,516.99,521.65,515.73,521.33,5401700.0
2009-10-20,551.64,552.95,540.7,551.72,8079300.0
2023-10-13,139.38,140.0,136.615,137.36,23435599.0
2007-10-15,638.47,639.86,615.55,620.11,13873700.0
2018-06-08,1131.21,1138.78,1123.23,1132.71,1364226.0
2020-11-09,1795.98,1816.89,1757.545,1761.42,2672024.0
2017-06-13,972.04,977.91,962.01,970.5,1992456.0
2012-07-26,615.0,616.87,610.03,613.36,3367000.0
2019-08-21,1195.82,1200.56,1187.92,1191.58,708272.0
2007-04-24,478.61,479.98,475.55,477.53,7382000.0
2021-12-30,2933.88,2946.0,2919.89,2924.01,784386.0
2008-09-04,460.0,463.24,449.4,450.26,9687300.0
2021-01-06,1700.255,1743.965,1696.1014,1722.88,2329401.0
2019-04-04,1211.29,1220.55,1209.04,1219.45,1051089.0
2007-03-13,450.11,451.93,442.83,443.03,12741800.0
2009-06-18,415.68,418.69,413.0,414.06,6164200.0
2012-07-06,592.45,593.52,582.82,585.98,4319200.0
2024-03-04,135.66,135.66,131.91,133.35,55999415.0
2018-05-16,1085.09,1094.38,1081.63,1084.09,1281406.0
2017-10-04,971.76,974.4,965.61,966.78,896531.0
2007-03-29,464.55,466.0,455.0,460.92,7969000.0
2015-08-26,643.1,662.48,630.37,659.74,4386985.0
2013-05-02,820.1,834.55,819.05,829.61,4032500.0
2024-02-15,143.14,143.52,140.46,142.77,37590695.0
2024-06-07,177.05,177.87,174.3,174.46,19661399.0
2011-09-12,520.67,531.99,517.5,530.12,5335400.0
2009-09-30,500.0,500.14,487.24,495.85,6277100.0
2005-09-16,304.02,304.5,299.87,300.2,15144400.0
2009-07-28,441.0,442.81,436.1,439.85,5059900.0
2019-05-15,1122.55,1178.3,1121.4,1170.8,2965117.0
2010-08-16,483.68,489.87,480.5019,485.59,2607300.0
2020-01-16,1445.45,1450.7,1440.0,1450.16,1304040.0
2016-12-29,802.33,805.75,798.144,802.88,1057392.0
2016-06-17,721.39,721.39,701.12,704.25,4113085.0
2008-12-31,304.2,311.0,302.6101,307.65,5767800.0
2017-02-17,841.31,846.94,839.78,846.55,1461210.0
2023-06-23,121.38,122.7879,121.06,122.34,34913637.0
2005-09-27,314.95,318.41,313.38,313.94,13732400.0
2022-12-16,90.76,91.33,89.52,90.26,58011847.0
2011-06-20,485.0,486.23,479.23,484.58,6051100.0
2012-06-04,570.22,580.49,570.01,578.59,4860500.0
2023-09-08,134.91,136.66,134.85,136.38,23584188.0
2019-06-26,1091.0,1095.12,1073.69,1080.32,1734873.0
2021-06-18,2427.34,2432.06,2400.3,2402.22,2305760.0
2010-09-01,454.98,464.94,452.5,460.33,6450100.0
2008-08-19,490.43,498.28,486.63,490.5,6086900.0
2020-05-12,1408.22,1414.33,1374.51,1375.18,1695874.0
2023-03-17,100.26,102.835,100.1,101.62,61028547.0
2006-04-07,412.56,412.85,404.02,406.16,14037700.0
2011-03-11,578.22,580.0,573.33,576.71,6057900.0
2020-05-04,1308.13,1324.47,1296.01,1322.9,1540347.0
2007-12-19,674.21,679.5,669.0,677.37,8833300.0
2015-06-24,562.48,562.64,556.81,558.57,1446156.0
2020-06-10,1461.51,1472.77,1454.36,1464.7,1588116.0
2006-02-28,392.65,397.54,338.51,362.62,78796300.0
2010-03-31,565.05,569.74,562.81,567.12,6055500.0
2005-11-10,378.36,391.35,377.43,391.1,18239100.0
2009-06-02,426.25,429.96,423.4,428.4,5241900.0
2007-09-19,539.27,549.4499,538.86,546.85,11042700.0
2023-08-10,131.32,132.05,129.45,129.69,20857754.0
2007-11-07,741.13,747.24,723.14,732.9399,16530400.0
2016-11-30,789.1,791.51,773.145,775.88,2279054.0
2006-05-16,375.99,376.86,369.89,371.3,12969200.0
2018-10-15,1118.0,1121.8,1098.22,1102.44,1503956.0
2022-07-19,110.85,114.02,109.56,113.81,36530945.0
2010-07-21,484.0,485.7,475.4301,477.5,6552600.0
2018-12-13,1075.67,1088.42,1064.99,1073.54,1249403.0
2006-10-12,428.56,429.68,424.0,427.44,9678300.0
2019-11-22,1303.0,1306.9,1289.36,1293.67,1388912.0
2015-01-21,510.84,521.851,509.59,520.39,2317789.0
2024-10-03,164.41,166.64,163.923,165.86,15073101.0
2012-12-07,695.0,696.88,682.419,684.21,3834700.0
2010-12-17,591.0,592.56,587.67,590.8,6168000.0
2022-05-24,2115.44,2129.165,2037.6936,2119.4,3838989.0
2019-12-23,1358.73,1361.85,1348.0,1350.63,996967.0
2007-11-19,629.59,636.77,618.5,625.85,11043700.0
2009-09-09,459.06,466.27,458.8,463.97,4386400.0
2023-08-11,128.66,129.93,128.17,129.56,19591080.0
2014-08-05,579.38,580.2,570.31,573.14,1643800.0
2020-08-04,1486.71,1493.11,1464.03,1473.3,1860609.0
2018-11-29,1083.53,1100.15,1082.0,1094.58,1550523.0
2020-12-18,1746.1702,1748.36,1715.0,1726.22,4262837.0
2008-10-07,373.33,374.98,345.37,346.01,22086600.0
2010-05-19,496.26,499.44,487.74,494.43,6884500.0
2008-06-09,568.06,570.0,545.4,557.87,10566000.0
2025-04-23,155.61,157.525,153.81,155.35,31128833.0
2024-12-23,192.62,195.1,190.15,194.63,25675014.0
2009-01-16,305.02,308.25,295.7,299.67,10438300.0
2018-02-22,1119.17,1125.46,1105.15,1109.9,1386115.0
2019-05-21,1154.48,1158.0,1143.31,1154.44,1028248.0
2009-05-12,410.01,410.99,395.11,399.01,7574000.0
2023-01-10,85.98,88.67,85.83,88.42,30467755.0
2013-08-27,859.62,863.73,847.9,850.15,3464700.0
2022-02-23,2632.97,2641.02,2550.55,2551.76,1639301.0
2021-05-03,2364.91,2381.55,2335.5,2343.08,1412139.0
2021-11-03,2918.01,2933.38,2891.82,2931.96,1374662.0
2021-03-08,2084.06,2113.74,2005.19,2007.5,1843371.0
2018-04-11,1032.0,1035.87,1019.2,1025.06,1703015.0
2010-07-01,445.29,448.4,433.63,439.49,7020100.0
2005-03-14,178.33,178.4,172.57,174.99,22270900.0
2007-05-31,500.56,508.78,497.06,497.909,17830700.0
2012-05-15,605.35,615.0,603.75,611.11,4199900.0
2017-03-27,828.09,841.38,824.3,838.51,1935211.0
2023-08-23,130.18,133.41,129.87,132.37,27819713.0
2006-10-03,401.29,406.46,398.19,404.04,10918400.0
2012-12-05,692.15,694.5,682.3301,687.82,3721000.0
2007-10-25,678.68,678.97,663.55,668.51,11579400.0
2018-09-13,1179.7,1187.86,1169.22,1182.14,2003418.0
2017-03-06,846.86,848.94,841.17,847.27,1047872.0
2006-04-20,411.9,436.99,408.2,415.0,24518400.0
2011-02-28,610.0,616.49,608.01,613.4,4558400.0
2007-04-05,471.3,472.09,469.62,471.51,5426100.0
2005-10-07,314.79,316.67,310.54,312.99,13527000.0
2017-08-18,926.98,931.02,923.45,926.18,1327288.0
2004-11-22,168.6,169.5,161.31,165.1,24711600.0
2017-06-02,988.59,996.48,987.07,996.12,1719720.0
2010-06-03,495.11,508.0,494.7,505.6,7294000.0
2005-11-21,399.17,409.98,393.49,409.36,20649500.0
2020-01-09,1421.93,1428.68,1410.21,1419.79,1661438.0
2024-03-18,148.61,152.15,147.17,147.68,69273699.0
2011-10-25,593.1,595.0,582.85,583.16,5075900.0
2009-08-18,445.1,447.7,442.32,445.28,4697400.0
2005-01-25,182.2,182.24,176.29,177.12,21297000.0
2020-07-16,1501.5,1515.91,1488.27,1514.92,1324228.0
2005-06-13,279.82,284.19,276.52,282.75,25580700.0
2010-04-08,563.32,569.8515,560.05,567.49,3891100.0
2005-07-05,292.0,295.98,290.23,295.71,14973000.0
2011-02-18,626.0,631.18,624.18,630.08,6429300.0
2013-09-23,896.15,901.59,885.2,886.5,3551200.0
2010-10-05,528.38,540.0,526.55,538.23,7007100.0
2007-04-12,464.0,468.0,462.24,467.39,5410300.0
2016-01-29,748.96,765.105,744.2,761.35,3790395.0
2022-03-10,2625.32,2665.435,2618.25,2648.59,1355070.0
2005-08-01,288.48,292.5,288.1,291.6099,11313400.0
2022-05-11,2264.73,2327.2882,2264.73,2272.05,1876737.0
2004-09-23,118.84,122.63,117.02,120.82,8535600.0
2013-07-17,921.0,926.86,916.3,918.55,3009100.0
2010-08-27,452.56,459.99,447.65,458.83,4620100.0
2015-04-14,546.57,546.57,535.74,539.78,2360329.0
2019-08-01,1217.63,1236.3,1207.0,1211.78,1771271.0
2011-07-19,596.14,604.68,595.53,602.55,5929000.0
2014-11-03,563.53,567.15,561.63,563.77,1544338.0
2020-11-12,1742.0,1764.98,1737.97,1742.82,1324363.0
2013-03-14,826.99,826.99,817.39,821.54,3299000.0
2022-06-07,2309.61,2353.82,2301.04,2342.99,1579523.0
2019-10-14,1213.89,1225.88,1211.88,1217.77,683926.0
2018-08-01,1239.11,1245.9,1224.94,1232.99,1849740.0
2009-02-20,338.05,348.92,335.0,346.45,12421700.0
2020-02-10,1477.23,1508.88,1475.2,1508.66,1915072.0
2009-12-22,601.34,601.5,598.85,601.12,3757800.0
2023-09-14,137.6,138.695,136.24,138.1,24750968.0
2011-01-13,616.97,619.67,614.16,616.69,2665300.0
2008-07-02,535.77,540.38,526.06,527.04,8437500.0
2015-12-10,763.59,766.0655,755.0,760.04,1622940.0
2019-12-09,1338.86,1357.55,1336.07,1342.99,1556889.0
2008-08-13,501.6,503.54,493.88,500.03,7243700.0
2019-08-27,1183.0,1185.0,1164.56,1170.82,1173489.0
2024-05-07,168.5,171.76,168.39,171.25,28039696.0
2005-01-11,195.62,197.71,193.18,193.54,13903400.0
2023-12-14,133.38,133.72,129.685,131.94,38722413.0
2018-01-25,1180.71,1185.0,1171.84,1182.14,1398961.0
2006-05-23,374.21,383.88,373.56,375.58,17948000.0
2023-07-14,124.8,126.775,123.49,125.42,33283076.0
2018-12-10,1042.94,1059.6,1033.0,1053.18,1682646.0
2006-06-06,376.585,390.0,376.3,389.99,20499000.0
2024-12-27,194.95,195.32,190.65,192.76,18891362.0
2014-12-23,534.51,542.3,533.72,538.77,2877222.0
2012-02-24,607.35,611.65,605.51,609.9,3867300.0
2025-04-02,155.15,158.4052,154.7,157.04,25041730.0
2021-05-25,2372.0,2384.0,2355.0,2362.87,1121982.0
2024-08-19,165.28,166.69,164.26,166.67,22416185.0
2021-05-13,2226.12,2239.4375,2206.72,2229.04,1661020.0
2018-04-03,1016.15,1025.0,997.25,1018.68,2566146.0
2005-03-28,181.68,184.8,180.95,181.42,17458500.0
2005-05-12,230.81,232.23,228.2,228.72,17878500.0
2017-07-20,997.0,998.68,984.62,992.19,1410290.0
2010-02-02,534.9554,534.96,527.61,531.12,8184200.0
2012-10-05,770.71,774.38,765.005,767.65,5466300.0
2022-08-18,119.43,120.82,118.72,120.17,17987660.0
2017-01-10,827.07,829.41,823.14,826.01,1197442.0
2005-08-30,287.22,289.51,285.88,287.27,9574400.0
2005-01-14,196.0,200.01,194.13,199.97,19261300.0
2006-02-01,389.86,402.0,387.52,401.78,54190700.0
2020-11-10,1729.77,1759.38,1716.12,1737.72,2151058.0
2006-11-27,501.37,501.78,484.75,484.75,14634700.0
2008-04-09,469.13,472.0,457.54,464.19,12084100.0
2025-01-30,198.0,201.4,197.67,200.87,24354684.0
2016-03-15,746.02,753.01,742.84,750.57,1491578.0
2010-03-23,557.04,558.312,542.0,549.0,10991500.0
2004-12-28,192.11,193.55,191.01,192.76,8283300.0
2006-09-20,407.1,407.39,394.62,397.0,18277300.0
2014-01-08,1146.0,1147.32,1133.29,1141.23,4480500.0
2024-07-18,181.93,182.5,176.47,177.69,25315727.0
2022-06-21,2178.59,2249.785,2172.0,2230.88,2370790.0
2009-08-04,449.37,454.0,448.43,453.734,4774800.0
2019-03-27,1191.92,1191.92,1164.23,1178.01,1471402.0
2023-10-23,135.04,137.6599,133.95,136.5,26317930.0
2017-04-20,859.74,863.93,857.5,860.08,1188843.0
2011-09-08,533.8,539.1,531.9,534.96,4756200.0
2019-03-01,1131.0,1150.0,1131.0,1148.52,1704258.0
2007-04-27,480.07,482.4,478.33,479.01,5845500.0
2007-06-08,516.2,519.64,509.46,515.49,12703600.0
2004-12-16,177.22,180.49,175.95,176.47,17128400.0
2011-03-31,583.0,588.1612,581.74,586.76,4054700.0
2024-06-21,177.0,180.85,176.61,179.63,58582743.0
2019-08-22,1193.8,1198.78,1178.91,1191.52,867915.0
2020-07-14,1492.79,1522.8,1485.93,1520.86,1905405.0
2009-07-20,429.88,432.8495,426.25,430.17,6300600.0
2022-08-08,118.39,120.15,116.88,117.3,19169479.0
2014-07-14,590.6,594.86,586.693,594.26,1951600.0
2013-01-17,717.71,719.639,711.02,711.32,4418500.0
2014-01-29,1119.12,1121.75,1099.42,1106.92,4755000.0
2005-12-06,408.7,416.41,401.7,404.54,30220300.0
2006-07-21,386.14,391.75,377.69,390.108,23485600.0
2024-08-23,164.72,166.18,163.83,165.62,13955741.0
2007-05-22,473.0,479.01,473.0,475.86,7670300.0
2015-12-09,771.1,776.0926,752.0066,762.55,2327471.0
2009-10-30,550.0,550.17,534.24,536.12,6930000.0
2008-06-18,564.96,568.99,559.16,562.38,6755600.0
2017-11-16,1038.75,1051.76,1038.0,1048.47,1125995.0
2017-09-11,947.2,952.68,941.0,943.29,1317796.0
2013-07-29,884.9,894.82,880.89,882.27,3780000.0
2014-01-22,1166.61,1167.89,1158.86,1165.02,3139600.0
2013-06-06,864.3,866.33,847.22,864.64,5153000.0
2016-09-02,795.27,797.1,793.26,796.87,1349896.0
2007-10-30,677.51,699.91,677.51,694.77,13787300.0
2011-11-02,584.9,587.96,580.48,584.82,4237500.0
2019-11-19,1326.63,1326.63,1311.77,1312.59,1093629.0
2021-05-14,2258.54,2284.72,2250.0,2278.38,1599829.0
2021-03-23,2039.95,2064.11,2028.0001,2041.33,1425456.0
2019-07-29,1242.5,1248.99,1230.2,1241.84,2069127.0
2015-11-06,759.39,763.022,755.03,761.6,1677199.0
2008-06-17,576.02,578.07,568.38,569.46,6918800.0
2018-07-11,1155.62,1180.44,1155.37,1171.46,1662633.0
2012-10-01,759.05,765.0,756.21,761.78,6329600.0
2011-12-20,628.0,631.84,627.99,630.37,4771600.0
2004-09-27,119.56,120.88,117.8,118.26,7066100.0
2017-05-03,936.05,950.2,935.21,948.45,1792847.0
2008-05-07,590.7,599.49,576.43,579.0,13212700.0
2012-04-20,604.25,608.85,595.83,596.06,6110600.0
2016-04-11,765.45,767.22,757.34,757.54,1588692.0
2024-06-25,179.62,184.29,179.42,184.03,23235589.0
2016-06-24,690.17,705.0,684.91,685.2,4771780.0
2018-02-20,1092.76,1116.29,1090.0,1103.59,1646405.0
2023-01-12,91.48,91.87,89.75,91.13,30258135.0
2009-04-20,386.15,390.65,375.89,379.3,8848900.0
2015-05-05,550.16,552.61,542.37,543.045,1426417.0
2025-03-10,168.26,168.46,163.69,165.87,43377356.0
2024-07-09,190.31,191.36,188.72,188.98,15141312.0
2007-12-07,714.99,718.0,710.5,714.87,7696400.0
2023-12-08,134.2,136.4,134.025,134.99,32260112.0
2015-04-15,537.96,543.19,532.37,541.04,2348087.0
2022-08-26,114.72,115.12,110.19,110.34,37245697.0
2004-11-11,169.32,183.75,167.57,183.02,29941000.0
2012-10-26,676.5,683.03,671.2,675.15,3897600.0
2023-11-20,133.69,136.66,133.62,136.25,27850762.0
2007-12-20,685.83,691.0,680.61,689.69,8835500.0
2005-09-21,308.41,313.76,305.96,311.9,20219100.0
2013-06-26,873.75,878.0,870.5701,873.65,3659100.0
2024-10-23,164.76,165.82,161.925,162.78,18280518.0
2016-05-02,711.92,715.41,706.36,714.41,1673820.0
2025-03-04,166.24,173.2946,165.8,170.92,45387996.0
2014-06-05,557.11,565.0,555.05,564.93,1793400.0
2016-09-23,815.14,817.0,812.73,814.96,1411673.0
2012-03-19,623.12,637.27,621.241,633.98,4341200.0
2017-07-06,925.0,936.14,919.85,927.69,1941822.0
2022-09-07,107.06,109.98,106.9,109.45,23166967.0
2005-04-18,184.58,187.88,183.49,186.97,13087400.0
2020-08-24,1592.47,1608.78,1575.04,1585.15,1281893.0
2016-03-11,739.95,744.9,736.7,744.87,1768995.0
2025-02-11,185.03,186.94,184.28,185.32,21239519.0
2016-02-29,721.0,730.6,716.84,717.22,2253426.0
2009-04-09,369.5,374.35,366.25,372.5,6758400.0
2024-12-19,191.625,193.03,188.38,188.51,32265241.0
2017-08-01,947.81,954.49,944.96,946.56,1205799.0
2023-06-13,124.98,125.16,123.18,123.83,22278313.0
2010-10-13,547.0,547.493,542.33,543.3,6105000.0
2012-04-30,612.99,616.082,600.61,604.85,4809700.0
2017-05-23,969.96,974.51,964.5,970.55,1529617.0
2006-09-29,405.125,405.62,401.41,401.9,6615100.0
2022-04-22,2500.0,2508.04,2378.5,2392.71,2844186.0
2017-06-27,961.6,967.22,947.09,948.09,2428048.0
2007-08-22,509.96,516.25,509.25,512.75,6498800.0
2022-02-11,2772.0,2783.125,2668.0,2685.65,1997917.0
2011-08-30,538.19,542.99,530.81,540.7,5972000.0
2007-08-13,519.54,519.75,513.03,515.5,6352200.0
2024-01-26,151.1,152.535,151.01,152.185,26115494.0
2011-04-18,526.42,527.664,519.0,526.84,10069500.0
2005-03-17,177.13,179.64,175.8,179.29,16504600.0
2005-10-10,313.31,314.82,309.15,310.65,11133200.0
2022-06-29,2231.04,2263.205,2217.4501,2234.03,1235841.0
2011-04-13,575.51,577.6,571.75,576.28,4134600.0
2018-01-16,1140.31,1148.88,1126.66,1130.7,1783881.0
2016-04-13,770.31,775.75,764.5908,771.91,1771308.0
2018-12-28,1059.5,1064.23,1042.0,1046.68,1718352.0
2019-03-12,1182.3,1205.71,1182.3,1197.25,2110979.0
2019-01-08,1086.0,1093.35,1068.35,1085.37,1770654.0
2010-10-07,536.21,537.2,529.14,530.01,4786800.0
2024-03-12,137.03,139.375,137.03,138.5,27353587.0
2009-04-21,376.17,384.3,376.1,381.47,7383400.0
2020-09-08,1525.0,1555.55,1516.5,1523.6,2701586.0
2020-12-28,1744.91,1787.0,1741.82,1773.96,1379642.0
2023-03-24,104.99,105.49,103.84,105.44,30411043.0
2018-04-26,1033.22,1052.02,1020.45,1043.31,2546332.0
2007-08-14,515.72,517.4,508.0,508.6,7260100.0
2014-05-09,518.65,527.35,514.28,526.62,2261200.0
2009-01-15,297.57,303.58,286.79,298.99,11857100.0
2014-01-31,1171.35,1186.54,1151.13,1180.97,11121400.0
2022-09-26,98.1,99.88,97.8,98.17,27072662.0
2014-05-15,533.14,533.9999,525.31,529.12,1832900.0
2007-10-11,633.64,641.41,609.0,622.0,23574400.0
2017-11-15,1035.0,1039.63,1030.76,1036.41,900695.0
2019-07-25,1138.95,1143.59,1123.71,1135.94,2738139.0
2009-10-27,550.97,554.56,544.16,548.29,6426500.0
2023-08-24,133.95,134.25,129.57,129.78,28500694.0
2010-07-26,489.09,490.749,484.88,488.97,3986400.0
2020-09-29,1463.91,1472.0,1454.0,1466.02,1591112.0
2007-12-24,694.99,700.73,693.06,700.73,3253500.0
2020-01-24,1492.82,1494.2,1463.18,1466.17,1489280.0
2020-03-16,1089.61,1145.47,1067.08,1073.0,4825981.0
2006-05-17,370.61,379.84,370.22,374.5,21266300.0
2006-08-31,381.4941,382.15,378.2,378.53,5913800.0
2006-06-26,406.75,408.3,403.25,404.22,7095200.0
2012-05-08,605.53,616.9,600.7,612.79,5349200.0
2015-01-20,512.77,515.61,509.37,509.94,2343612.0
2015-07-10,553.71,559.29,552.0,556.11,2171750.0
2016-10-25,838.5,838.5,825.3005,828.55,1890712.0
2017-07-14,974.0,977.54,970.15,976.91,1048240.0
2018-11-27,1051.34,1066.76,1045.5,1052.28,1652433.0
2014-07-21,601.35,604.16,594.45,598.44,2237900.0
2015-06-18,548.0,557.25,548.0,556.18,2059603.0
2016-03-10,727.79,736.54,723.29,732.17,2230811.0
2006-08-02,375.6,377.17,365.2,367.23,14181400.0
2004-12-14,171.0,178.82,169.6,178.69,22154600.0
2015-04-29,560.51,565.84,559.0,561.39,1681064.0
2007-04-09,472.98,473.0,465.59,468.21,6118000.0
2019-04-05,1219.3,1220.39,1210.03,1211.45,1001044.0
2015-10-29,736.63,746.79,735.16,744.85,1825957.0
2016-02-19,715.9,724.03,713.12,722.11,1745940.0
2011-05-13,534.61,535.92,529.05,529.55,4213100.0
2011-08-09,561.0,574.61,541.01,573.41,12926400.0
2005-09-29,306.68,310.72,306.08,309.62,11216300.0
2015-09-01,633.66,644.44,625.06,629.56,2572884.0
2006-04-04,390.0,404.9,388.14,404.34,31399900.0
2019-04-03,1212.7,1220.6,1205.08,1210.81,1109614.0
2014-10-29,560.85,564.97,555.98,558.45,2053355.0
2024-12-10,182.845,186.36,181.05,185.17,54813022.0
2021-03-15,2044.975,2054.99,2027.79,2054.44,1310741.0
2010-07-07,438.31,451.29,435.38,450.2,6253100.0
2005-10-24,343.37,349.3,342.19,348.65,18844500.0
2014-03-19,1211.8,1211.99,1194.41,1199.25,3222500.0
2005-05-25,252.73,260.98,250.63,260.81,36079600.0
2016-01-07,746.49,755.31,735.28,741.0,3156563.0
2025-01-29,195.555,196.785,193.43,195.41,18218256.0
2012-03-21,634.61,647.39,632.51,639.98,4934200.0
2005-10-05,312.69,314.9,308.0,310.71,16640100.0
2016-04-06,757.84,768.42,756.3,768.07,1265577.0
2011-11-28,579.37,588.82,576.5,588.19,5652100.0
2011-04-14,575.19,579.45,572.1,578.51,10901600.0
2006-12-13,484.69,485.5,477.02,478.99,9314800.0
2007-10-31,700.69,707.0,696.04,707.0,13739800.0
2005-02-15,193.605,199.84,193.08,195.23,51514000.0
2007-11-23,670.0,678.28,668.11,676.7,5471900.0
2015-11-19,759.78,763.23,757.23,759.94,1403913.0
2005-03-03,186.13,187.75,184.31,187.005,15201900.0
2011-06-03,522.0,527.6,521.5,523.08,3493500.0
2018-11-08,1107.3,1108.22,1084.36,1094.63,1685193.0
2021-08-31,2902.94,2903.425,2885.62,2893.95,1122438.0
2007-05-18,472.03,472.7,469.75,470.32,7384400.0
2014-11-04,561.16,564.79,558.3,564.19,1386509.0
2007-01-12,501.99,505.0,500.0,505.0,8938400.0
2005-04-22,222.905,224.0,214.26,215.81,66343700.0
2014-09-29,581.83,589.31,581.57,587.81,1144982.0
2012-04-17,608.56,617.69,607.01,609.57,6041700.0
2005-10-28,355.27,358.95,355.02,358.17,11795100.0
2008-04-07,477.03,485.44,473.53,476.82,11875100.0
2020-08-26,1606.3,1652.79,1600.9754,1644.13,2609363.0
2007-01-04,469.0,483.95,468.35,483.26,15759400.0
2019-05-17,1175.83,1186.29,1166.42,1168.78,1268050.0
2006-08-23,377.64,378.27,372.66,373.43,7277300.0
2016-12-05,770.0,780.0,766.9686,778.22,1688473.0
2015-02-05,527.93,530.69,525.64,529.83,1658751.0
2008-07-31,475.96,480.89,471.44,473.75,5724400.0
2023-10-31,125.06,125.37,122.685,124.08,26292342.0
2006-05-18,378.78,381.81,370.71,370.99,11658300.0
2007-09-18,526.52,537.25,524.27,535.27,8422900.0
2008-04-14,457.16,457.45,450.15,451.66,7677500.0
2012-12-18,716.6,729.1,715.05,721.07,6003700.0
2019-05-02,1172.6,1179.38,1158.33,1166.51,2254890.0
2022-01-05,2888.4,2889.9875,2753.76,2755.5,2730914.0
2017-03-22,849.48,855.35,847.0,849.8,1366749.0
2014-05-23,558.13,565.0,554.17,563.8,2672500.0
2009-09-25,494.29,499.93,492.0,492.48,4095100.0
2009-10-26,555.75,561.64,550.89,554.21,5934800.0
2024-06-04,173.28,173.845,171.89,173.79,26879596.0
2022-07-08,2345.0,2393.7,2338.025,2387.07,1911908.0
2017-04-13,841.04,843.73,837.8503,840.18,1073650.0
2006-06-05,376.18,381.45,374.15,374.44,11105800.0
2021-05-21,2317.41,2318.89,2289.3,2294.13,2031590.0
2022-10-28,92.27,96.55,92.13,96.29,43697286.0
2018-01-08,1111.0,1119.16,1110.0,1114.21,1148958.0
2023-09-13,135.09,136.9,134.15,136.71,20749496.0
2019-03-06,1171.76,1174.74,1163.05,1164.94,1180052.0
2005-06-16,274.26,278.3,273.07,277.44,24899800.0
2009-11-03,530.01,537.5,528.3001,537.29,4755600.0
2016-04-05,758.13,762.87,755.6,758.57,1223905.0
2020-02-04,1454.49,1467.34,1422.03,1445.41,4793967.0
2022-05-03,2328.61,2368.8363,2320.69,2346.68,1248368.0
2016-05-16,724.32,732.68,720.0,730.3,1126862.0
2016-02-12,712.21,716.0,701.58,706.89,2326889.0
2025-04-15,159.125,159.65,155.21,156.31,27551534.0
2016-11-09,801.83,811.71,792.035,805.59,3098510.0
2016-11-04,771.3,788.48,771.0043,781.1,1970603.0
2011-08-05,582.545,590.0,562.0,579.04,11846300.0
2009-09-02,455.82,458.33,452.59,453.01,3605900.0
2022-12-21,89.08,90.22,88.32,89.58,24745637.0
2019-06-11,1096.99,1104.01,1079.57,1081.04,1675817.0
2016-01-19,720.15,725.35,709.85,719.08,2436220.0
2012-03-09,607.95,611.9,600.0,600.25,5335800.0
2018-06-04,1138.5,1157.86,1137.0,1153.04,2237701.0
2017-01-31,819.5,823.07,813.4,820.19,2020180.0
2006-02-06,385.25,389.9,379.56,385.1,17862900.0
2023-11-14,134.19,135.7,133.32,133.62,32395178.0
2009-11-12,569.56,572.9,565.5,567.85,3768800.0
2015-07-14,574.5,589.7087,574.17,584.18,3741583.0
2022-10-03,96.76,99.2872,96.521,98.64,27982031.0
2022-12-19,90.255,90.56,88.21,88.44,29493030.0
2022-08-29,109.99,110.95,108.8,109.42,21098514.0
2024-05-28,174.45,177.27,174.365,176.4,20572157.0
2010-07-30,479.65,487.36,479.14,484.85,4283900.0
2019-05-23,1146.07,1150.05,1133.16,1145.34,1260657.0
2006-01-05,446.0,451.55,441.5,451.24,21594900.0
2020-05-14,1333.52,1357.37,1323.3,1356.86,1833017.0
2008-06-23,545.36,553.15,542.02,545.21,7264500.0
2020-04-30,1331.36,1350.0,1321.5,1346.7,2792124.0
2025-01-22,199.06,200.48,197.53,198.37,26200617.0
2009-04-08,363.5,365.0,356.21,362.0,5524800.0
2014-05-06,533.41,534.548,522.2601,522.57,1835000.0
2010-04-23,547.25,549.32,542.27,544.99,4174600.0
2009-09-22,500.92,501.99,497.81,499.06,6076300.0
2013-06-11,883.97,887.0,879.52,879.81,3511600.0
2020-12-30,1765.0,1767.76,1728.0,1736.25,1051308.0
2009-09-15,475.08,478.91,472.71,477.54,4791400.0
2019-02-15,1139.3,1139.3,1116.72,1119.63,1391348.0
2016-07-01,705.1,712.53,703.73,710.25,1549160.0
2015-06-30,545.09,545.9,539.54,540.04,1725464.0
2007-09-20,547.0,556.8,546.0301,552.83,11038900.0
2019-12-10,1339.94,1348.0,1334.0,1342.89,880430.0
2022-01-20,2725.0,2752.52,2659.2931,2666.15,1495357.0
2019-06-20,1121.7,1122.72,1107.0,1113.2,1200908.0
2024-12-18,195.22,197.0,187.74,188.4,34166074.0
2016-01-15,709.99,724.158,701.51,710.49,3833751.0
2009-09-18,496.77,496.98,491.23,491.46,6560400.0
2012-09-07,700.0,712.25,697.67,706.15,6459500.0
2018-03-02,1057.98,1086.89,1050.11,1084.14,2508145.0
2018-11-12,1073.13,1074.1,1040.35,1049.36,1700091.0
2022-11-15,98.26,100.14,96.71,98.44,41640816.0
2012-05-09,606.82,616.38,601.81,609.15,4652900.0
2009-08-05,456.0,456.91,447.88,451.14,4679300.0
2020-09-04,1609.0,1634.99,1537.9701,1581.21,2792533.0
2023-02-06,102.4,104.36,101.88,102.9,31999562.0
2017-04-11,841.7,844.63,834.6,839.88,974343.0
2012-05-07,595.0,610.57,595.0,607.55,3985000.0
2019-10-25,1252.0,1268.0,1249.15,1264.3,1355248.0
2022-05-16,2299.11,2323.4,2277.79,2288.9,1299522.0
2020-07-17,1516.91,1523.43,1498.1,1516.85,1713251.0
2010-05-04,526.52,526.74,504.21,506.37,12140400.0
2025-02-26,175.07,176.08,171.5807,172.73,35431268.0
2021-10-22,2783.0,2811.655,2721.12,2751.33,2529448.0
2009-03-03,330.07,333.69,322.35,325.48,13036500.0
2012-02-16,602.82,608.81,597.73,606.52,5056700.0
2015-10-05,661.6,673.0275,655.87,671.68,1898012.0
2019-05-03,1177.41,1191.4,1173.55,1189.55,2079376.0
2023-03-23,105.06,106.3,104.46,105.6,40797769.0
2022-05-19,2228.63,2260.2,2200.0,2207.68,1707220.0
2011-07-13,537.0,544.0,536.484,538.26,5574800.0
2011-06-02,527.57,530.3,522.48,528.06,4404500.0
2023-08-03,127.97,129.385,127.42,128.45,20159528.0
2009-06-12,426.86,427.7,421.21,424.84,5830900.0
2024-07-30,170.24,171.2299,168.44,170.29,18959686.0
2006-04-06,407.0,413.89,405.43,411.18,17179800.0
2016-05-03,712.5,713.37,707.33,708.44,1931040.0
2022-02-28,2661.0,2715.03,2651.845,2701.14,1943221.0
2007-08-01,510.5,516.51,508.14,512.94,8847500.0
2018-08-03,1245.18,1246.52,1229.42,1238.16,1063244.0
2012-04-27,615.02,616.74,610.6,614.98,3269500.0
2010-03-10,563.76,578.5,562.21,576.45,11298400.0
2010-10-25,615.5878,624.74,614.97,616.5,6310400.0
2014-04-09,565.84,567.8,555.38,567.04,3031600.0
2012-09-10,709.76,712.81,698.39,700.77,5114800.0
2005-01-21,194.44,195.36,188.12,188.28,18498200.0
2020-12-16,1769.11,1769.11,1749.06,1757.19,1233836.0
2022-10-13,95.15,99.775,94.3836,99.06,34574549.0
2015-08-11,699.58,704.0,684.32,690.3,5494011.0
2010-01-28,544.49,546.9999,530.6,534.29,6451700.0
2019-04-01,1187.54,1200.2,1186.36,1198.98,1385595.0
2007-02-01,506.0,506.01,481.53,481.75,31286000.0
2024-11-13,180.46,180.96,178.54,178.88,23184003.0
2010-03-12,588.14,588.275,579.16,579.54,5501200.0
2014-11-24,546.57,551.19,544.15,547.48,1653773.0
2008-09-02,476.77,482.18,461.42,465.25,12210700.0
2015-05-08,548.87,552.8,548.03,548.95,1411264.0
2005-02-01,194.38,203.75,190.63,191.9,37640300.0
2017-08-17,942.95,943.81,927.64,927.66,1653779.0
2009-05-06,406.79,408.28,401.0,403.47,5260500.0
2018-12-11,1066.94,1070.4,1050.1,1061.65,1692576.0
2015-07-02,544.74,548.0,543.57,547.34,1406213.0
2015-08-25,646.4675,647.0,611.67,612.47,3571469.0
2024-10-24,162.83,163.33,161.01,162.72,22412527.0
2008-11-26,280.28,295.46,276.2,292.09,12700400.0
2011-02-14,623.34,629.639,620.04,628.15,4251700.0
2008-03-11,425.26,440.15,424.65,439.8399,17636100.0
2015-06-19,556.52,557.91,552.258,557.52,2964489.0
2024-08-14,162.4,163.22,157.71,160.37,40591126.0
2019-01-09,1087.99,1091.64,1074.37,1081.65,1349912.0
2009-11-17,574.87,577.5,573.72,577.49,3829500.0
2023-04-26,104.92,106.35,102.63,103.71,53139175.0
2014-04-29,523.89,537.76,523.0,536.33,2535200.0
2025-02-10,187.35,188.2,185.86,186.47,23105649.0
2013-03-27,806.68,807.0,801.33,802.66,4322000.0
2011-09-21,547.69,555.0,538.86,539.2,5023500.0
2013-10-16,885.87,898.33,884.01,898.029,4011100.0
2009-03-30,342.548,343.81,336.055,342.69,6182000.0
2020-01-03,1348.0,1373.75,1347.32,1361.52,1170629.0
2012-01-30,578.05,580.0,573.4,577.69,4656300.0
2024-05-08,169.0,170.15,168.735,169.38,19569146.0
2022-11-09,88.45,89.435,87.28,87.32,31769099.0
2020-06-01,1425.7,1441.58,1422.28,1434.87,1259254.0
2010-08-04,492.18,507.0,491.05,506.32,7617300.0
2006-02-09,371.45,374.4,356.11,358.77,23800900.0
2018-05-30,1073.48,1078.99,1066.55,1077.47,1434282.0
2024-11-11,178.58,180.545,178.47,180.35,17450354.0
2011-07-06,533.5,538.51,533.04,535.36,5385800.0
2010-10-20,608.14,617.38,607.5,607.98,7043100.0
2005-11-14,392.12,398.22,391.53,396.97,15600100.0
2005-03-16,176.7,178.61,175.01,175.6,14198300.0
2005-04-05,187.73,190.26,187.57,188.57,17455900.0
2015-06-05,552.0,553.33,547.384,549.53,1219841.0
2023-02-03,102.93,107.81,102.58,104.78,65309261.0
2005-03-07,187.78,189.6,187.03,188.81,17317400.0
2019-01-30,1077.36,1099.52,1076.64,1097.99,1472647.0
2011-07-11,528.18,535.98,525.5,527.28,5672900.0
2022-08-04,117.48,118.78,116.89,118.19,21602925.0
2021-11-29,2880.0,2925.95,2877.87,2910.61,1629752.0
2010-02-12,532.97,537.15,530.5,533.12,4554800.0
2011-04-05,581.08,581.49,565.68,569.09,12082900.0
2021-04-12,2254.12,2256.885,2227.82,2244.62,1251183.0
2018-07-06,1141.77,1156.2,1137.24,1155.08,1090967.0
2021-12-09,2951.82,2982.0,2942.3001,2952.77,1163486.0
2017-02-10,832.95,837.15,830.51,834.85,1415128.0
2013-09-03,854.36,866.19,853.95,860.38,4091100.0
2008-10-29,365.79,371.0,352.37,358.0,19493600.0
2017-06-07,998.82,1003.91,995.81,1001.59,1348198.0
2022-06-27,2365.46,2371.59,2303.5937,2316.67,1821038.0
2006-01-23,407.38,428.39,405.73,427.5,45437300.0
2005-09-19,301.0,306.0,300.71,303.79,11512200.0
2018-11-16,1065.23,1072.44,1054.9,1068.27,1768308.0
2009-05-04,398.17,402.4,394.79,401.9793,6399500.0
2007-11-16,633.94,635.49,616.02,633.63,18067500.0
2022-12-13,97.76,99.53,95.03,95.63,40593656.0
2020-09-03,1699.52,1700.0,1607.71,1629.51,3186287.0
2014-09-17,589.51,596.07,587.12,593.29,1719500.0
2005-09-28,314.22,315.1,305.6,306.0,15978800.0
2021-06-30,2439.89,2445.14,2427.09,2441.79,1223699.0
2007-07-16,550.3,558.58,549.31,552.99,13185800.0
2019-08-20,1195.35,1198.0,1183.05,1183.53,1010566.0
2011-07-27,617.18,620.95,604.75,607.22,7860900.0
2006-12-21,464.185,465.25,452.3405,456.2,13892600.0
2024-02-01,142.12,143.06,140.79,141.16,40466549.0
2020-06-30,1396.88,1424.0,1386.93,1418.05,2014320.0
2017-10-30,1029.16,1039.83,1022.33,1033.13,2245352.0
2024-04-05,150.03,153.42,149.6,152.5,23328522.0
2007-06-26,532.73,533.2,526.24,530.26,11367600.0
2023-03-02,89.66,92.275,89.59,92.0,32226229.0
2009-12-07,584.23,588.69,581.0,586.25,3269100.0
2013-02-07,769.7,778.8099,765.5,773.95,5674700.0
2005-01-26,179.27,189.41,179.15,189.24,24591100.0
2012-08-21,673.11,678.0,662.168,669.51,4439900.0
2022-12-08,95.38,95.58,93.45,93.71,32213288.0
